,ID,Created,User_id,User_name,User_flr,Text
0,1308385838968057856,2020-09-22 08:41:07,249768777,fxmacro,50110,how we lost the trade war... https://t.co/mVTBuo0BAP
1,1308385724593573888,2020-09-22 08:40:40,249768777,fxmacro,50110,MEADOWS ON STIMULUS: LOOKING AT DOING PIECEMEAL RELIEF
2,1308385473446936579,2020-09-22 08:39:40,249768777,fxmacro,50110,BIDEN ADVISER BLINKEN SAYS BIDEN WOULD USE TARIFFS IN AGGRESSIVELY ENFORCING U.S. TRADE LAWS IF ELECTED
3,1308384811946512385,2020-09-22 08:37:02,249768777,fxmacro,50110,"SENIOR BIDEN ADVISER BLINKEN SAYS U.S.-CHINA PHASE 1 TRADE DEAL HAS BEEN ""A DEBACLE"", DOESN'T ADDRESS SYSTEMIC ISSUES... true"
180,1308389302246744065,2020-09-22 08:54:53,19399038,ForexLive,242625,@space_menagerie Good point
181,1308387482132713484,2020-09-22 08:47:39,19399038,ForexLive,242625,Biden trade adviser says he would use tariffs if elected https://t.co/Fmr8jJdApo https://t.co/XV20dsVY3t
182,1308386708774432769,2020-09-22 08:44:34,19399038,ForexLive,242625,The USDJPY tries to stay below the 100 hour MA https://t.co/jpB2r9ha7w
183,1308383672865828865,2020-09-22 08:32:30,19399038,ForexLive,242625,Philly Fed September non-manufacturing index +8.0 vs +1.6 prior https://t.co/EuI83b4ULn
184,1308380836190973952,2020-09-22 08:21:14,19399038,ForexLive,242625,Uneasy calm greets New York trading ahead of manufacturing and housing data https://t.co/jCD6k4a5E0 https://t.co/xwWQl5W5X8
185,1308380159603597312,2020-09-22 08:18:33,19399038,ForexLive,242625,The JPY is the strongest and the EUR is the weakest as NA traders enter for the day https://t.co/d5wpAxUb9a
186,1308378658642579458,2020-09-22 08:12:35,19399038,ForexLive,242625,"Six months into a housing boom, these guys finally get the message. https://t.co/u2zX1FQ0A1"
240,1308387899952553984,2020-09-22 08:49:18,23922797,SCMPNews,782167,Beijing woos global bond investors by making it easier to get money in and out of China https://t.co/qhuyM9ubrQ
241,1308385323345416192,2020-09-22 08:39:04,23922797,SCMPNews,782167,China enhances smart health care with first national medical image database https://t.co/LcLR4uDqno
242,1308382412062195712,2020-09-22 08:27:30,23922797,SCMPNews,782167,Chinese Tesla challenger WM Motor completes US$1.5 billion financing as it looks to tap growing electric car demand https://t.co/2zAt7pYikV
243,1308379002575319040,2020-09-22 08:13:57,23922797,SCMPNews,782167,"This Chinese truck driver has a ""magic kitchen"" in his vehicle, letting him whip up anything from pizza to desserts https://t.co/KlHZKGsiy1"
244,1308377112785702912,2020-09-22 08:06:26,23922797,SCMPNews,782167,Beijing‚Äôs EU envoy criticises unfriendly business environment for Chinese companies https://t.co/Zi0VWc6UhE
260,1308379796829863942,2020-09-22 08:17:06,25073877,realDonaldTrump,86184167,Nissan is rolling out it‚Äôs 2021 ROGUE from TENNESSEE. Great!
261,1308378985613660160,2020-09-22 08:13:53,25073877,realDonaldTrump,86184167,"RT @RandPaul: Great question from an Air Force Veteran. If you hate war, you can‚Äôt agree with Biden‚Äôs decades of support for intervention a‚Ä¶"
262,1308378831632375809,2020-09-22 08:13:16,25073877,realDonaldTrump,86184167,We are! https://t.co/07cmIRvyBj
263,1308378524051542016,2020-09-22 08:12:03,25073877,realDonaldTrump,86184167,RT @SteveForbesCEO: Senator @RandPaul: We must allow kids to get back to school https://t.co/XEcljYKtJ0
264,1308378289908613123,2020-09-22 08:11:07,25073877,realDonaldTrump,86184167,RT @RandPaul: Has political correctness killed free speech on college campuses? https://t.co/XnnAFBcyN1
265,1308377421939380225,2020-09-22 08:07:40,25073877,realDonaldTrump,86184167,"RT @SecPompeo: The world needs to unite around the central idea that the Islamic Republic of Iran is the greatest threat, and when that reg‚Ä¶"
266,1308377272613822467,2020-09-22 08:07:04,25073877,realDonaldTrump,86184167,"RT @SecPompeo: We welcome the UK, Germany, and France's rejection of China's unlawful maritime claims in the South China Sea at the United‚Ä¶"
267,1308376294154010625,2020-09-22 08:03:11,25073877,realDonaldTrump,86184167,RT @senjudiciary: Chairman @LindseyGrahamSC to Committee Democrats: ‚ÄúAfter the Treatment of Justice Kavanaugh I Now Have a Different View o‚Ä¶
268,1308376132316692480,2020-09-22 08:02:33,25073877,realDonaldTrump,86184167,RT @LindseyGrahamSC: I stand by what I said in Jan. 2019: Harry Reid &amp; Chuck Schumer changed Senate rules to try and stack the courts for O‚Ä¶
280,1308390351141580802,2020-09-22 08:59:03,27652717,FXstreetNews,184213,EUR/SEK looks flat near the 100-day SMA around 10.40 By @pabspiovano https://t.co/WlDIiAEJBn #EURSEK #Riksbank #Currencies #Crosses
281,1308384707181195265,2020-09-22 08:36:37,27652717,FXstreetNews,184213,"EUR/GBP trying to stabilize after good two-way price swings, around 0.9175-70 region By @HareshMenghani https://t.co/Lt3HuoiS4C #EURGBP #Coronavirus #Brexit #Currencies"
282,1308384448593960960,2020-09-22 08:35:35,27652717,FXstreetNews,184213,US: Philly Fed Nonmanufacturing Index declines from 16.1 in August to 8 September By @eren_fxstreet https://t.co/7MwTwUe1RT #UnitedStates #EconomicIndicator #DollarIndex
283,1308381451419824128,2020-09-22 08:23:41,27652717,FXstreetNews,184213,S&amp;P 500: Resistance at 3319/29 caps for a deeper corrective setback ‚Äì Credit Suisse By @FXstreetNews https://t.co/i6ah5d26ud #SP500 #Banks
284,1308378040100061187,2020-09-22 08:10:07,27652717,FXstreetNews,184213,ECB's Panetta: Appreciation of euro is one factor that we need to watch closely By @eren_fxstreet https://t.co/4L6cblNRT7 #ECB #CentralBanks #EURUSD
321,1308390634768789505,2020-09-22 09:00:10,49616273,globaltimesnews,1903180,Chinese-made combine harvester used by Kazakh farmers during harvest season in Kazakhstan. https://t.co/TlBfxQx3OA https://t.co/yTbntCbMp2
322,1308385565281222656,2020-09-22 08:40:02,49616273,globaltimesnews,1903180,"Global #copper prices reached a two-year record high in part thanks to the speedy recovery of #China‚Äôs economy, with analysts predicting that China's share of global copper consumption will be about 50% or more this year. https://t.co/UxrWYy5GFr https://t.co/uuV2yxKwFT"
323,1308380814250373120,2020-09-22 08:21:09,49616273,globaltimesnews,1903180,"#Opinion: If the US and the island of #Taiwan take further actions, the Chinese mainland will increase pressure on them in political, economic, diplomatic and military aspects. https://t.co/Bt1YsGOtBg"
324,1308380540224102402,2020-09-22 08:20:03,49616273,globaltimesnews,1903180,"#China's strong, integrated industries and efficient local governments have not only secured China's face mask requirements, but guaranteed the world's supply too. https://t.co/acMsUZDERr https://t.co/PYHqqcdM1I"
325,1308377325663215616,2020-09-22 08:07:17,49616273,globaltimesnews,1903180,Phase-III clinical trials for a #COVID19 #vaccine candidate developed by Chinese company CanSino Biologics started in Pakistan on Tuesday. https://t.co/QHJaQsff3O
326,1308376025013784576,2020-09-22 08:02:07,49616273,globaltimesnews,1903180,Chinese solar energy giant Jinko Solar said it will divest its Jiangxi Jinko asset and float the subsidiary on the STAR Market at the Shanghai bourse in three years. https://t.co/mrZD9OaGXM
327,1308375688500703232,2020-09-22 08:00:47,49616273,globaltimesnews,1903180,"#PLA recently released videos and displayed its capability and determination to win a war. But this is not meant to show that China is a bellicose country, or is eager to start a war: analysts https://t.co/MsmamlgxcJ https://t.co/mHpPxkySm3"
341,1308386883630698497,2020-09-22 08:45:16,59393368,LiveSquawk,152212,WH‚Äôs Meadows: It Appears We Will Be Able To Make Deal On Stopgap
342,1308386866551492610,2020-09-22 08:45:12,59393368,LiveSquawk,152212,"Biden Adviser: Unrealistic To ""Fully Decouple"" From China"
343,1308385942814765056,2020-09-22 08:41:32,59393368,LiveSquawk,152212,$JETS | WH‚Äôs Meadows: Looking At Doing Piecemeal Relief; Could Do Partial Relief For Airlines
344,1308385846526083074,2020-09-22 08:41:09,59393368,LiveSquawk,152212,Biden Adviser Blinken: Biden Would Use Tariffs In Aggressively Enforcing US Trade Laws If Elected
345,1308385343821971456,2020-09-22 08:39:09,59393368,LiveSquawk,152212,WH‚Äôs Meadows: Trump Plans Scotus Announcement Saturday
346,1308385233981648897,2020-09-22 08:38:43,59393368,LiveSquawk,152212,$FB | Oppenheimer Raises Facebook Target Price To $300 From $270
347,1308383958804111366,2020-09-22 08:33:39,59393368,LiveSquawk,152212,"Philadelphia Fed September 2020 Nonmanufacturing Business Outlook Survey 
https://t.co/jW5aZslvMm https://t.co/CTsv1OdKIQ"
348,1308383492066115584,2020-09-22 08:31:47,59393368,LiveSquawk,152212,"Philadelphia Fed Non-Mfg New Orders Index 8.5 In Sept Vs 11.6 In Aug
Full-Time Employment Index 5.1 In Sept Vs -3.0 In Aug"
349,1308383395400032258,2020-09-22 08:31:24,59393368,LiveSquawk,152212,"Philadelphia Fed Non-Mfg Regional Business Activity Index Sep: 8.0 (prev 1.6)
Philadelphia Fed Wage And Benefit Cost Index 13.1 In Sept Vs 14.6 In Aug

Firm-Level Business Activity Index 20.4 In Sept Vs 17.9 In Aug"
350,1308380031777996801,2020-09-22 08:18:02,59393368,LiveSquawk,152212,"Sweden Health Agency Mulls Restrictions, Measures In Stockholm"
351,1308379885493256194,2020-09-22 08:17:27,59393368,LiveSquawk,152212,ECB‚Äôs Kazimir: ECB Ready To Act Again If The Situation Requires It
352,1308379698595016707,2020-09-22 08:16:43,59393368,LiveSquawk,152212,Sinovac Starts Covid-19 Vaccine Candidate Phase 3 Trial In Turkey
353,1308379025920884736,2020-09-22 08:14:02,59393368,LiveSquawk,152212,"UK PM: Chancellor Sunak Has Been Creative
He Will Apply Max Possible Imagination And Creativity In Future"
354,1308378430266839041,2020-09-22 08:11:40,59393368,LiveSquawk,152212,$XHB |  Moody‚Äôs: Outlook For US Homebuilders Raised To Stable From Negative
355,1308377898190024706,2020-09-22 08:09:34,59393368,LiveSquawk,152212,"ECB‚Äôs Panetta: Results Of ECB Stimulus Not Satisfactory Yet
Inflation Still Uncomfortably Below Our Aim
Appreciation Of  Euro Is One Factor That We Need To Watch Closely"
356,1308376814893633539,2020-09-22 08:05:15,59393368,LiveSquawk,152212,ECB‚Äôs Panetta Comments: Risks Of A Policy Overreaction Are Much Smaller Than The Risks Of Policy Being Too Slow Or Too Shy To React And The Worst-Case Scenarios Materialising.
357,1308376792508567552,2020-09-22 08:05:10,59393368,LiveSquawk,152212,"ECB‚Äôs Panetta Comments: Faced With Such A Sizeable Downward Skew, There Is A Strong Case For Our Reaction Function To Be Asymmetric,"
358,1308376749533802496,2020-09-22 08:05:00,59393368,LiveSquawk,152212,ECB‚Äôs Panetta Comments: But The Macroeconomic Situation Remains Fragile And Uncertain And The Projected Inflation Path Is Still Clearly Short Of Our Aim.
359,1308376664011923456,2020-09-22 08:04:39,59393368,LiveSquawk,152212,"ECB‚Äôs Panetta: Our Policy Must Therefore Remain Forward-Looking In Terms Of How We Evaluate And Recalibrate The Amount Of Policy Support Needed, And How We Assess And React To The Balance Of Risk"
360,1308376407886757889,2020-09-22 08:03:38,59393368,LiveSquawk,152212,"ECB‚Äôs Panetta: Asymmetric Risks, Asymmetric Reaction: Monetary Policy In The Pandemic - ECB Speech
https://t.co/nGV0IWDl53 https://t.co/1evlofIsZQ"
361,1308376407886757889,2020-09-22 08:03:38,59393368,LiveSquawk,152212,"ECB‚Äôs Panetta: Asymmetric Risks, Asymmetric Reaction: Monetary Policy In The Pandemic - ECB Speech
https://t.co/nGV0IWDl53 https://t.co/1evlofIsZQ"
362,1308375737880248322,2020-09-22 08:00:59,59393368,LiveSquawk,152212,"Hungary Central Bank Holds Rates Unchanged At 0.60% As Widely Expected
Overnight Deposit Rate Unchanged At -0.05% In Line With Estimates"
401,1308376353243185154,2020-09-22 08:03:25,1626294277,spectatorindex,1743880,"JUST IN: Worldwide coronavirus deaths reach 970,000"
402,1308375594669731842,2020-09-22 08:00:24,1626294277,spectatorindex,1743880,JUST IN: UK PM Boris Johnson says new coronavirus restrictions could be in place for up to six months
441,1308389374715990017,2020-09-22 08:55:10,2704294333,DeItaOne,142216,REDBOOK: US RETAIL SALES FIRST 3 WEEKS SEP -0.9% VS AUG
442,1308387142838685697,2020-09-22 08:46:18,2704294333,DeItaOne,142216,"FRANCE'S ELYSEE PALACE ASKED FRENCH FOREIGN MINISTER TO SEND LETTER ADVISING LVMH TO DELAY ITS PURCHASE OF TIFFANY TO JANUARY - SOURCES
$TIF"
443,1308387068347928577,2020-09-22 08:46:00,2704294333,DeItaOne,142216,"**EXPLOSION IN SOUTHERN LEBANON CAUSES A NUMBER OF INJURIES, SECURITY SOURCES AND LEBANESE BROADCASTER AL-JADEED SAY"
444,1308386290073849858,2020-09-22 08:42:54,2704294333,DeItaOne,142216,"BIDEN ADVISER SAYS UNREALISTIC TO ""FULLY DECOUPLE"" FROM CHINA"
445,1308386243680632832,2020-09-22 08:42:43,2704294333,DeItaOne,142216,"SENIOR BIDEN ADVISER BLINKEN SAYS U.S.-CHINA PHASE 1 TRADE DEAL HAS BEEN ""A DEBACLE"", DOESN'T ADDRESS SYSTEMIC ISSUES

BIDEN ADVISER BLINKEN SAYS BIDEN WOULD USE TARIFFS IN AGGRESSIVELY ENFORCING U.S. TRADE LAWS IF ELECTED"
446,1308383051743932417,2020-09-22 08:30:02,2704294333,DeItaOne,142216,"Muddy Waters' newly published report, the firm stated in part: ""We are short $NNOX because we think it is a much bigger piece of garbage than Nikola will ever be."
447,1308381492939235328,2020-09-22 08:23:51,2704294333,DeItaOne,142216,"U.S. CRUDE OIL FUTURES TURN NEGATIVE, TRADING AT $39.29/BBL"
448,1308379082598608896,2020-09-22 08:14:16,2704294333,DeItaOne,142216,"NANO-X IMAGING LTD SHARES DOWN 10.6% PREMARKET AFTER MUDDY WATERS RESEARCH SAYS IT IS SHORT ON CO'S STOCK
$NNOX"
449,1308378694944206849,2020-09-22 08:12:44,2704294333,DeItaOne,142216,$NNOX MENTIONED AS NEW SHORT AT MUDDY WATERS
450,1308378608059252736,2020-09-22 08:12:23,2704294333,DeItaOne,142216,S&amp;P 500 E-MINI FUTURES AND DOW FUTURES NOW IN NEGATIVE TERRITORY
501,1308376159009361925,2020-09-22 08:02:39,3294036491,nunziato_frank,3825,"@FauxMikeNardi They‚Äôve reached their limit of policy being effective.  They can do more QE but really who is it helping?

If it‚Äôs only helping people with assets it will create a political shit storm eventually."
521,1308378009393602563,2020-09-22 08:10:00,3845158767,LONGCONVEXITY,18722,https://t.co/q64gzeMHsK
561,1308390594683842561,2020-09-22 09:00:01,18856867,zerohedge,805507,The King Of Hype - A Pinch Of Salt &amp; Battery Day https://t.co/OgQInjq7EL
562,1308387996618682369,2020-09-22 08:49:41,18856867,zerohedge,805507,Tropical Storm¬†Beta Makes Landfall Over Texas; Hurricane Teddy Eyes¬†Nova Scotia https://t.co/MqqqWiGhm6
563,1308387675184009216,2020-09-22 08:48:25,18856867,zerohedge,805507,"BIDEN ADVISER SAYS UNREALISTIC TO ""FULLY DECOUPLE"" FROM CHINA"
564,1308387549254225920,2020-09-22 08:47:55,18856867,zerohedge,805507,*MEADOWS EXPECTS TO HAVE VOTES ON SUPREME COURT PICK
565,1308386881856516099,2020-09-22 08:45:15,18856867,zerohedge,805507,Breakevens vs Real Rates: two regimes https://t.co/P8yaAFm7N1
566,1308384631343984640,2020-09-22 08:36:19,18856867,zerohedge,805507,*SAUDI ARABIA FLOATS PLAN TO DELAY G-20 SUMMIT UNTIL DECEMBER
567,1308382678652256256,2020-09-22 08:28:33,18856867,zerohedge,805507,"Nano-X Shares Plunge After Muddy Waters Says Company Has ""No Product To Sell Other Than Its Stock"" https://t.co/TnyMdH8pUw"
568,1308381779301105667,2020-09-22 08:24:59,18856867,zerohedge,805507,Existing Home Sales Preview: Highest Since 2006 https://t.co/b5XQQqlbHa
569,1308378844114673664,2020-09-22 08:13:19,18856867,zerohedge,805507,"RT @muddywatersre: MW is short $NNOX. We conclude that $NNOX has no product to sell other than its stock. Like $NKLA, NNOX appears to have‚Ä¶"
570,1308378377036984320,2020-09-22 08:11:28,18856867,zerohedge,805507,"Peloton Shares¬†Slide As Amazon Announces ""Prime Bike""¬† https://t.co/2aTXnVOzUE"
571,1308375763327090688,2020-09-22 08:01:05,18856867,zerohedge,805507,"Futures Rebound As Tech Gains; Powell, Mnuchin To Speak In Congress https://t.co/H6xiG5pQy7"
621,1308389055135207424,2020-09-22 08:53:54,77528520,YanniKouts,72868,@g_evgenidis Die Analyse des Arschlochs.
681,1308385613318688768,2020-09-22 08:40:13,266082837,4xInsight,22880,BIDEN ADVISER BLINKEN SAYS BIDEN WOULD USE TARIFFS IN AGGRESSIVELY ENFORCING U.S. TRADE LAWS IF ELECTED
721,1308387467071025152,2020-09-22 08:47:35,537175623,C_Barraud,70596,"üá®üá≥ #China Issues Guidelines to Promote Healthy Supply Chain Finance - Statement
*Link (Chinese): https://t.co/smTavVar0V https://t.co/N8LYFLpm5V"
861,1308380904348409857,2020-09-22 08:21:30,851431642950402048,AndreasSteno,31266,"RT @HolgerSandte: Rates may go up, down or stay steady, experts say https://t.co/MxLgdaqdUG"
881,1308385534948016130,2020-09-22 08:39:54,91478624,Forbes,16237383,What happens if there is no second stimulus package? https://t.co/ZIWEHgD6xh https://t.co/dlkhyHb5n4
882,1308380634319118336,2020-09-22 08:20:26,91478624,Forbes,16237383,https://t.co/d9LTK58fo4
883,1308380532309463041,2020-09-22 08:20:02,91478624,Forbes,16237383,It's almost impossible to escape the conclusion that big changes are coming to the Fed. Ideas from many different ideological perspectives are being put forward that could eventually curtail or end its independence https://t.co/7zBkU3qG1i https://t.co/AEFwKZvAa4
981,1308390601101119490,2020-09-22 09:00:02,3108351,WSJ,18039501,"Investors are watching some unusual movements in the market, where gold and stocks moved in tandem, as @ahirtens explains #WSJWhatsNow https://t.co/djoCg55Hhi"
982,1308386851997323265,2020-09-22 08:45:08,3108351,WSJ,18039501,"An estimated extra 3,200 Covid-19 cases a day occurred in the U.S. that likely wouldn‚Äôt have happened had colleges and universities kept classes online, according to a new study https://t.co/1ZyW9MQArV"
983,1308383077446684672,2020-09-22 08:30:08,3108351,WSJ,18039501,Italy had one of the spring‚Äôs worst coronavirus death tolls‚Äîwhich helps explain why Italians are working harder than others in Europe to limit a second wave https://t.co/91r3SLjKmN
984,1308380282295382016,2020-09-22 08:19:02,3108351,WSJ,18039501,Tesla shares dropped in premarket trading ahead of the much-anticipated Battery Day event. Here's what else you should watch when the market opens. https://t.co/04OSXx6URR
985,1308377587140435968,2020-09-22 08:08:19,3108351,WSJ,18039501,"The U.S. Covid-19 death toll approaches 200,000. Some states have recently reported rising numbers of new infections. #WSJWhatsNow https://t.co/mUbOtVkv8V"
1001,1308388074221481984,2020-09-22 08:50:00,18719020,Hedgeye,86971,"10 Tweets This Morning From @KeithMcCullough 

https://t.co/bAW39dilOs"
1002,1308382034503622656,2020-09-22 08:26:00,18719020,Hedgeye,86971,"""We‚Äôre not playing poker at the Golden Nugget. Our odds of saving &amp; making money are much higher using a volatility adjusted risk management overlay to our Full Investing Cycle #process. And ‚Äúthe table‚Äù is ye Olde Wall.""

via @KeithMcCullough 

https://t.co/FXvI3CmOcH"
1041,1308390641932677122,2020-09-22 09:00:12,18378349,KeithMcCullough,188309,The Macro Show is LIVE @HedgeyeTV now !
1042,1308390574349844486,2020-09-22 08:59:56,18378349,KeithMcCullough,188309,"RT @ApproTrade: @HedgeyeComm @KeithMcCullough Worm was the guy in Rounders who lived by this credo, and he lost everything, and then some."
1043,1308390524542488578,2020-09-22 08:59:44,18378349,KeithMcCullough,188309,RT @spastikgramps: @KeithMcCullough What‚Äôs amazing is the fact that these guys make so much money to never have a clue....I have been killi‚Ä¶
1044,1308388751463395329,2020-09-22 08:52:41,18378349,KeithMcCullough,188309,"RT @VaidotasSegenis: ""BREAKING: Mike at Morgan Stanley says NASDAQ could drop 20% towards 200-day Moving Monkey""

@KeithMcCullough 

Love i‚Ä¶"
1045,1308388714872279041,2020-09-22 08:52:32,18378349,KeithMcCullough,188309,RT @MaiSueDNhiem: @KeithMcCullough Did some reflection this morning after a bad month. I see the way now.
1046,1308388574631522305,2020-09-22 08:51:59,18378349,KeithMcCullough,188309,"RT @HedgeyeComm: Here is one of my favorite quotes from #Rounders 

@KeithMcCullough 

""You can‚Äôt lose what you don‚Äôt put in the middle.  B‚Ä¶"
1047,1308388494360956928,2020-09-22 08:51:40,18378349,KeithMcCullough,188309,RT @walterk36: @KeithMcCullough https://t.co/1hs2SvbuXW
1048,1308388444360585218,2020-09-22 08:51:28,18378349,KeithMcCullough,188309,"RT @VailshireCap: Using @KeithMcCullough‚Äôs real time alerts guidance, I was happy to cover my fund‚Äôs short $QQQ and $XLK positions, as well‚Ä¶"
1049,1308376336071888896,2020-09-22 08:03:21,18378349,KeithMcCullough,188309,For sure https://t.co/EFmG5yY0Xy
1081,1308388097592307712,2020-09-22 08:50:05,131506459,HedgeyeDJ,19654,RT @Jim38576775: @KeithMcCullough 5 days in a row with positive returns! The world is a beautiful place!! #mucker
1101,1308390596202168322,2020-09-22 09:00:01,1652541,Reuters,22364997,Rescuers set free around 25 whales that were marooned on a sandbar off the remote west coast of Tasmania in one of Australia‚Äôs worst beaching events https://t.co/tfZJgYwpPv https://t.co/k4m3tR45aL
1102,1308389843425202177,2020-09-22 08:57:02,1652541,Reuters,22364997,"From @Breakingviews: Premier Inn owner Whitbread bows to jobs reality, and Suez‚Äôs payout promises wash over shareholders. Plus: Indonesia‚Äôs Garuda flies closer to the wire. Catch up with the latest financial insights https://t.co/gzyQqlNmQB"
1103,1308389392822697984,2020-09-22 08:55:14,1652541,Reuters,22364997,EU top court backs crackdown on short-term home rentals in setback to Airbnb https://t.co/1JOzfP1E3D https://t.co/5oLPdrEChs
1104,1308389332521287680,2020-09-22 08:55:00,1652541,Reuters,22364997,"Ahead of #BatteryDay, here's a look at how Elon Musk's Tesla became one of the the world‚Äôs most valuable automakers in 16 years https://t.co/iaEUoqEuRk https://t.co/MGAoT9S5sF"
1105,1308388175715368960,2020-09-22 08:50:24,1652541,Reuters,22364997,"Angered by Arab-Israel ties, Palestine quits chairing Arab League sessions https://t.co/Kf8eRyoobD https://t.co/FiC8bUn0g8"
1106,1308388074288631810,2020-09-22 08:50:00,1652541,Reuters,22364997,"Watch the touching moment when a girl is reunited with her firefighter father, who returned home to Blossom, Texas, after 25 days in California https://t.co/XziAwaWoMc"
1107,1308386847404457984,2020-09-22 08:45:07,1652541,Reuters,22364997,"Japan PM Suga, China's Xi to hold phone talks Friday: Kyodo https://t.co/XsEoARKMPL https://t.co/mzmDewypnb"
1108,1308386588259479553,2020-09-22 08:44:05,1652541,Reuters,22364997,"Tesla CEO Elon Musk said improvements to be unveiled at the electric-vehicle maker's 'Battery Day' event would not reach 'serious high-volume production' until 2022, knocking its shares down https://t.co/Pw9rztoL3O"
1109,1308386586787287048,2020-09-22 08:44:05,1652541,Reuters,22364997,"Exclusive: China has set quotas for the mass transfer of rural laborers within Tibet and to other parts of China, according to over a hundred state media reports and a series of documents reviewed by Reuters https://t.co/JytvsylPbq via @CateCadell https://t.co/eC4aS6kk9p"
1110,1308385697968123907,2020-09-22 08:40:33,1652541,Reuters,22364997,Coronavirus vaccine makers see EU shield against side-effect claims https://t.co/sPHeX1R57d https://t.co/gjhwsssIhh
1111,1308384343618990087,2020-09-22 08:35:10,1652541,Reuters,22364997,Chinese state-backed firm expects coronavirus vaccine approval for public use within months https://t.co/4oN3QGfQ7w https://t.co/C2es40GRAf
1112,1308383805112229888,2020-09-22 08:33:02,1652541,Reuters,22364997,Joe Biden slammed President Trump‚Äôs handling of the coronavirus pandemic and Trump criticized Biden‚Äôs record on trade as the White House contenders campaigned for votes in key Midwestern battleground states https://t.co/mTpYH1Z8pB
1113,1308383117795831809,2020-09-22 08:30:18,1652541,Reuters,22364997,"S&amp;P 500, Nasdaq futures rebound after selloff https://t.co/b8m6IyrxuS https://t.co/Imm0PijAWH"
1114,1308383044215029761,2020-09-22 08:30:00,1652541,Reuters,22364997,Doctors in a Tel Aviv hospital rush to treat critical-care patients amid a surge in new coronavirus cases in Israel https://t.co/jNac2HvFBn https://t.co/TvX7OGCMx2
1115,1308381887644262402,2020-09-22 08:25:25,1652541,Reuters,22364997,Fans fume online as Rome title winners split by 10 euros in prize money https://t.co/CP7Dz8JbVe https://t.co/pdYr2HdRmQ
1116,1308380689541234688,2020-09-22 08:20:39,1652541,Reuters,22364997,Exclusive: U.S. and UAE eye December goal to agree on F-35 deal https://t.co/C3KMrcAWXi https://t.co/lUqv4SM7cW
1117,1308380284509999104,2020-09-22 08:19:03,1652541,Reuters,22364997,Joe Biden said on a campaign stop in Wisconsin that President Trump 'froze' when faced with the enormous challenge posed by the health crisis and was not capable of the leadership needed to confront it https://t.co/GbUwEjXf0v
1118,1308380028934254596,2020-09-22 08:18:02,1652541,Reuters,22364997,President Trump plans to meet with a group of Republican state attorneys general about revising a key law that shields social media companies from liability for content posted by their users and allows them to remove lawful but objectionable posts https://t.co/h7CX0z13iz
1119,1308379539559645185,2020-09-22 08:16:05,1652541,Reuters,22364997,Investors are bracing for an extended period of market volatility as worries over a potential resurgence in coronavirus cases and political uncertainty roil stocks https://t.co/O4l6S2paRH
1120,1308379342297333763,2020-09-22 08:15:18,1652541,Reuters,22364997,Exclusive: 'We're confident' - Russia to share legal risks of COVID-19 vaccine https://t.co/N67EPETRK3 https://t.co/I1qS2GBl1T
1121,1308379342297333763,2020-09-22 08:15:18,1652541,Reuters,22364997,Exclusive: 'We're confident' - Russia to share legal risks of COVID-19 vaccine https://t.co/N67EPETRK3 https://t.co/I1qS2GBl1T
1122,1308378678758461442,2020-09-22 08:12:40,1652541,Reuters,22364997,RT @ReutersUK: The British prime minister warned there could be more restrictions to curb the spread of COVID-19 if additional steps he out‚Ä¶
1123,1308378571514277889,2020-09-22 08:12:14,1652541,Reuters,22364997,"RT @ReutersUK: .@BorisJohnson unveiled a new package of tougher measures to try to tackle increasing numbers of COVID-19 cases, saying the‚Ä¶"
1124,1308378129954680832,2020-09-22 08:10:29,1652541,Reuters,22364997,"As cash flees Macau junkets, gambling hub faces long odds of quick recovery https://t.co/5k1dHo6foN https://t.co/DrjE2Zxifr"
1125,1308377871854043136,2020-09-22 08:09:27,1652541,Reuters,22364997,RT @ReutersUK: We've reached perilous turning point: UK Prime Minister Boris Johnson warns https://t.co/hJiUIE25AB 1/3
1126,1308376799152402433,2020-09-22 08:05:12,1652541,Reuters,22364997,Tesla warns on challenges of scaling up production https://t.co/xZAQfmWX6C https://t.co/6OaSKPhHfe
1127,1308376523402104832,2020-09-22 08:04:06,1652541,Reuters,22364997,A leading liberal think-tank has begun drawing up a list of Wall Street-friendly rules that could be swiftly repealed if the Democratic Party wins big. Here are key points to look out for ahead of the Nov. 3 election https://t.co/LssG5iQs8g
1128,1308376161211342849,2020-09-22 08:02:39,1652541,Reuters,22364997,We've reached perilous turning point: UK Prime Minister Boris Johnson warns https://t.co/ePYiQO8fjE
1129,1308375601003352069,2020-09-22 08:00:26,1652541,Reuters,22364997,Fans fume online as Rome title winners split by 10 euros in prize money https://t.co/fAUlDsku7P https://t.co/vqwpPfBX2l
1161,1308382265274241024,2020-09-22 08:26:55,2961589380,LizAnnSonders,146070,"Lack of college students and/or willingness to go out putting further pressure on college towns; e.g. in Blacksburg, VA, @virginia_tech brings ~$1.2B in annual income to town (more than half of its economy); @Cornell brings in ~$2 billion @WSJ @EmsiData https://t.co/eDco3A4CnO"
1162,1308380830868406272,2020-09-22 08:21:13,2961589380,LizAnnSonders,146070,"Laid-off workers cutting spending &amp; searching for jobs; since extra $600 in UI expired, consumption within unemployed cohort has declined‚Äînot completely denting overall spending, but worrisome considering many are still waiting for short-term $300/week extension @WSJ @cardifydata https://t.co/OwvUoPthjU"
1181,1308390275363074048,2020-09-22 08:58:45,888118103095115780,RobinBrooksIIF,59631,"@atalaveraEcon @Ludovic_Subran @IMFNews @GitaGopinath @JAndritzky @Brad_Setser @Dani_OrdArr @ana_boata I'll take the other side of that, if I may. It's the Euro periphery that drove the swing in the Euro zone current account to large surplus after the debt crisis, with output gaps and domestic demand compression the drivers. That dynamic will get worse after COVID-19... https://t.co/MPw1C3zH6Q"
1182,1308389526411317249,2020-09-22 08:55:46,888118103095115780,RobinBrooksIIF,59631,"@Ludovic_Subran @IMFNews @GitaGopinath @JAndritzky @Brad_Setser @Dani_OrdArr @ana_boata Large recessions across EM are producing big shifts in current account balances, with traditional current account deficit countries - even commodity exporters - shifting to surplus (like Brazil). I suspect that these changes are still being incorporated into the IMF numbers... https://t.co/wHSeaJfeCy"
1183,1308388532541698053,2020-09-22 08:51:49,888118103095115780,RobinBrooksIIF,59631,"The recent Dollar fall is eating into the large rise from 2014/5, something we watch with concern. That rise stemmed from ECB &amp; BoJ efforts to beat back deflation, a task that's incomplete given inflation near 0% in both. That makes this Dollar fall inherently destabilizing... https://t.co/c2xlwcU59F"
1184,1308381388610195456,2020-09-22 08:23:26,888118103095115780,RobinBrooksIIF,59631,"The Turkish Lira sell-off in Aug 2018 was terrifying. But it was inherently self-stabilizing, as it caused a sharp correction in the current account. That current account correction is still missing now, so even though $/TRY is above our 7.50 fair value we're not yet overshooting https://t.co/zMncBVEcsV"
1321,1308381030697644033,2020-09-22 08:22:00,1013498165507608576,RobertLBurns61,691,@LifeWithoutLack @hughhewitt @SenateGOP Good point!  @hughhewitt ‚Äòs former good name could be bought for the right price.  Still a sad story.
1381,1308389439975063552,2020-09-22 08:55:25,16334857,WSJecon,804717,Fed Chairman Jerome Powell says the economy had rebounded in recent months following the end of lockdowns imposed to slow the spread of the virus https://t.co/hYh86ZnCHv
1382,1308389320286445568,2020-09-22 08:54:57,16334857,WSJecon,804717,"Laid-off workers cut spending, look for jobs as extra unemployment benefits run out https://t.co/BxPQ2TMxML"
1383,1308380819187171331,2020-09-22 08:21:10,16334857,WSJecon,804717,Demand from banks and money-market funds helps absorb the flood of new U.S. government debt  https://t.co/o8hQKHSwgI
1481,1308384265743355907,2020-09-22 08:34:52,21793923,rationalwalk,17466,"I was laughing as I read this because it resembles my recent activity on craigslist selling furniture. 

https://t.co/eUFbxrowEp"
1482,1308383570306760705,2020-09-22 08:32:06,21793923,rationalwalk,17466,Someone‚Äôs going to get rich off this TikTok deal but it probably won‚Äôt be you.
1483,1308383217204985856,2020-09-22 08:30:42,21793923,rationalwalk,17466,@JedMSP @BarbarianCap Awesome up from the bootstraps story.
1484,1308382920986497026,2020-09-22 08:29:31,21793923,rationalwalk,17466,It‚Äôs battery day!  So exciting! https://t.co/BWXm5g6h6G
1485,1308382220583927809,2020-09-22 08:26:44,21793923,rationalwalk,17466,"Tax competition. In reverse. 

https://t.co/beNtSvsZe6"
1486,1308382150581006338,2020-09-22 08:26:27,21793923,rationalwalk,17466,@mastaprincess Lol. As if Trump and Mnuchin have pure non-pecuniary goals here. Just a matter of whose cronies get richer.
1501,1308378142852120578,2020-09-22 08:10:32,24528681,aeberman12,24719,"""Crude oil edged higher in New York after its biggest decline in almost two weeks on mounting worries over prolonged coronavirus restrictions and supply concerns.""
https://t.co/mjAHxiP269
#OOTT #oilandgas #oil #WTI #CrudeOil #fintwit #OPEC"
1502,1308377763733274625,2020-09-22 08:09:02,24528681,aeberman12,24719,"‚ÄúRestarts in the southwest and east of the country could lift Libyan oil production to 500,000 barrels a day within a week or so.‚Äù
--Bill Farren-Price, RS Energy Group
https://t.co/u00Wpppx2G
#OOTT #oilandgas #oil #WTI #CrudeOil #fintwit #OPEC"
1503,1308377097849761792,2020-09-22 08:06:23,24528681,aeberman12,24719,"‚ÄúA tad softer dollar and a bounce in stocks has given the market a boost so far today. But it does not remove the fact that fundamentals once again look challenged.‚Äù
--Ole Hansen,Saxo Bank 
https://t.co/bRrFseniej
#OOTT #oilandgas #oil #WTI #CrudeOil #fintwit #OPEC"
1581,1308376134082535424,2020-09-22 08:02:33,83466368,ecb,581016,"Panetta: Macroeconomic policies, above all monetary and fiscal policies, must remain complementary, and the support they provide may be needed for a long time. All macroeconomic policies need to consider the horizon of their measures. Read the speech https://t.co/wn4tf1nm9O  3/3"
1582,1308376131725414400,2020-09-22 08:02:32,83466368,ecb,581016,"Panetta: The economic outlook is clouded by an unprecedented degree of uncertainty, not least because it depends on uncertain public health developments. This is not a normal recession, and we will not see a normal recovery without appropriate policies 2/3"
1583,1308376128902529025,2020-09-22 08:02:32,83466368,ecb,581016,"(THREAD) The macroeconomic situation remains fragile and uncertain, and the projected inflation path is still clearly short of our aim. Faced with sizeable downside risks, there is a strong case for our reaction function to be asymmetric 1/3 https://t.co/c5oeeW1d3n"
1584,1308375965421260801,2020-09-22 08:01:53,83466368,ecb,581016,"Why is collateral important? If banks want to borrow money from central banks, they need to post collateral as a guarantee. This way, central banks are covered in case a bank cannot repay their loan. Read more https://t.co/FK3aufc95y"
1585,1308375964204896256,2020-09-22 08:01:52,83466368,ecb,581016,"What does this mean? Bonds that fulfill certain sustainability performance targets will become eligible as collateral for Eurosystem credit operations. If they comply with all other eligibility criteria, they can also be included in asset purchase programmes."
1586,1308375962933956612,2020-09-22 08:01:52,83466368,ecb,581016,We support innovation in the area of sustainable finance! The ECB has decided to accept sustainability-linked bonds as collateral for Eurosystem credit operations as of 1 January 2021. Full press release https://t.co/1DvTAT9BiZ
